{"DummyClassifier":{"accuracy":0.95088,"f1":0.0,"roc_auc":null},"LogisticRegression":{"accuracy":0.96272,"f1":0.4130982368,"roc_auc":0.8397074049},"DecisionTree":{"accuracy":0.9648,"f1":0.5955882353,"roc_auc":0.7931272715},"RandomForest":{"accuracy":0.97552,"f1":0.7311072056,"roc_auc":0.8978975621},"AdaBoost":{"accuracy":0.97744,"f1":0.7185628743,"roc_auc":0.8817819228},"Stacking":{"accuracy":0.97872,"f1":0.7387033399,"roc_auc":0.8956394104}}