{"accuracy":{"DummyClassifier":0.95088,"LogisticRegression":0.96272,"DecisionTree":0.9648,"RandomForest":0.97552,"AdaBoost":0.97744,"Stacking":0.97872},"f1":{"DummyClassifier":0.0,"LogisticRegression":0.4130982368,"DecisionTree":0.5955882353,"RandomForest":0.7311072056,"AdaBoost":0.7185628743,"Stacking":0.7387033399},"roc_auc":{"DummyClassifier":null,"LogisticRegression":0.8397074049,"DecisionTree":0.7931272715,"RandomForest":0.8978975621,"AdaBoost":0.8817819228,"Stacking":0.8956394104}}