,user_id,value
user_id,1.0,0.8660254037844386
value,0.8660254037844386,1.0
